Index,Gold
389.00019,1
414.00018,1
138.00009,1
549.00014,1
250.00014,1
336.00001000000003,1
372.00001000000003,1
291.00015,1
438.00007,1
206.00002,1
506.00014000000004,1
243.0001,1
208.00048999999999,1
265.00018,1
65.00016,1
104.00009,1
138.00027,1
238.00047999999998,1
139.00016000000002,1
362.00007999999997,1
4.0004800000000005,1
329.00011,1
209.00028,1
25.0001,1
495.00012999999996,1
24.00013,1
263.00022,1
572.00046,1
387.00028,1
459.00004,1
276.00001000000003,1
25.00004,1
496.00005,1
415.00002,1
476.00005999999996,1
546.00006,1
366.00009,1
436.00025999999997,1
72.00005,1
442.00005999999996,1
238.0006,1
575.00017,1
55.00015,1
316.00083,1
196.00003999999998,1
289.00011,1
199.00018,1
390.00012999999996,1
504.00003,1
155.00003,1
285.00007,1
349.00004,1
65.00024,1
33.00027,1
307.00004,1
81.00005,1
331.00011,1
581.00017,1
357.00117,1
162.00003,1
132.00038,1
416.00007999999997,1
387.00032000000004,1
381.00005,1
357.00157,1
485.0018,1
33.000240000000005,1
285.00014,1
23.000020000000003,1
357.00073,1
330.00002,1
357.00164,1
490.00009000000006,1
4.00026,1
583.0001,1
95.00115,1
238.00284,1
417.00005,1
239.00003999999998,1
393.00005,1
181.00005,1
26.00003,1
357.00141,1
367.00083,1
31.00017,1
159.00014,1
494.0001,1
209.00047,1
212.00007000000002,1
535.00004,1
572.00035,1
486.00004,1
385.0001,1
262.00122000000005,1
394.00006,1
489.00030999999996,1
139.0001,1
248.00015,1
489.00057999999996,1
84.00007,1
490.00002,1
277.00022,1
504.00007,1
33.00007,1
137.00032,1
216.00007000000002,1
231.00021,1
33.0003,1
20.00013,1
68.00015,1
485.00187,1
261.00045,1
295.00052,1
266.00016,1
303.00015,1
510.00065,1
391.00012000000004,1
373.00001000000003,1
359.00012999999996,1
536.00001,1
267.00006,1
249.00021,1
433.00010999999995,1
83.00004,1
542.00012,1
237.00017000000003,1
42.000029999999995,1
496.00022,1
24.00015,1
282.00002,1
210.00014,1
65.00048000000001,1
124.00003999999998,1
467.0005,1
20.00011,1
316.00028,1
484.00012999999996,1
3.00014,1
579.00009,1
95.00114,1
186.00014,1
195.00006000000002,1
555.00033,1
342.00014,1
506.0002,1
266.00003,1
130.00018,1
15.000060000000001,1
238.00242000000003,1
301.00016,1
31.00031,1
383.00007999999997,1
187.00018,1
472.00002,1
160.00003,1
391.00003,1
95.00029,1
301.00022,1
477.00015,1
110.00008000000001,1
352.00023999999996,1
138.00013,1
357.00217000000004,1
403.00012000000004,1
572.00041,1
18.0002,1
445.00003,1
295.00067,1
287.00023,1
352.00029,1
357.00137,1
71.00004,1
419.00007999999997,1
144.00011,1
4.00023,1
248.00036,1
475.00080999999994,1
508.00023,1
229.00022,1
234.00005,1
198.00011999999998,1
4.00047,1
50.000009999999996,1
516.00012,1
310.00004,1
370.00015,1
82.00007,1
161.00001,1
394.00001000000003,1
380.00015,1
112.00018,1
496.00023,1
235.00011,1
194.00003999999998,1
419.00009,1
238.00221000000002,1
127.00003000000001,1
387.00036,1
104.00003000000001,1
95.00094,1
162.00011,1
273.00018,1
490.00022,1
420.00024,1
132.00064,1
477.00045,1
451.00021,1
317.00011,1
399.00043999999997,1
75.00034000000001,1
253.00012999999998,1
38.00051,1
404.00002,1
545.0002099999999,1
157.0002,1
336.00022,1
287.00019,1
209.00036,1
72.00004,1
548.00038,1
176.00002,1
589.00001,1
96.00017,1
581.00003,1
22.00003,1
336.00021,1
497.00079000000005,1
574.00007,1
170.00048,1
303.00036,1
590.0004799999999,1
440.00001,1
370.00006,1
394.00012999999996,1
170.00066,1
241.00009,1
38.00007,1
186.00023000000002,1
95.0009,1
388.00009,1
435.00003,1
80.00003000000001,1
551.00012,1
96.00001,1
448.00002,1
485.00150999999994,1
71.00028,1
261.00003,1
107.00012,1
146.00017,1
557.0001900000001,1
256.00031,1
9.0003,1
565.0001599999999,1
48.00006,1
132.00103000000001,1
532.00017,1
84.0001,1
425.00029000000006,1
252.00017999999997,1
310.00048,1
242.00003999999998,1
497.001,1
262.00077000000005,1
36.000040000000006,1
243.00015,1
581.00005,1
121.00005,1
564.0001900000001,1
390.00021,1
125.00008999999999,1
549.0000200000001,1
449.00002,1
572.00011,1
398.00004,1
541.00011,1
190.00024,1
336.00003,1
157.00015,1
300.00016,1
260.00003,1
416.00005,1
540.00012,1
357.00227,1
485.0005,1
556.0002099999999,1
249.00019,1
357.00095,1
245.00014,1
507.00012999999996,1
20.0001,1
565.00035,1
468.00003,1
497.00097,1
348.00007,1
95.00058,1
84.0002,1
475.00094,1
144.00008,1
514.00023,1
192.00006000000002,1
56.000040000000006,1
65.00022,1
188.00003999999998,1
231.00059,1
245.00015,1
285.00016,1
388.00029,1
175.00023000000002,1
295.00075,1
238.00167000000002,1
48.00005,1
316.00062,1
375.00068,1
316.00091000000003,1
98.00016,1
432.0002,1
260.00012999999996,1
42.00011,1
295.00014,1
504.00018,1
277.0003,1
487.00012999999996,1
81.00003000000001,1
52.000029999999995,1
78.00015,1
404.00026,1
272.00007,1
65.00046999999999,1
280.00015,1
72.00001999999999,1
482.00012999999996,1
467.00004,1
586.00008,1
497.00007,1
273.00015,1
433.00021,1
310.00003,1
562.00017,1
484.00015999999994,1
316.00045,1
316.00041,1
510.00015,1
544.00013,1
280.0001,1
489.00063,1
353.00023,1
231.00016000000002,1
364.00011,1
261.00043,1
294.00014,1
485.00072,1
238.00203,1
478.00005,1
175.0002,1
590.00011,1
329.00028,1
42.00007,1
95.00023,1
64.00026,1
107.00005,1
132.00042,1
71.00046999999999,1
48.00012,1
67.00005,1
366.00001000000003,1
120.00013,1
581.00033,1
548.0001599999999,1
79.00010999999999,1
565.00007,1
551.0001,1
65.00009,1
200.00001,1
4.00001,1
522.00007,1
469.00018,1
262.00039,1
263.00028,1
367.0008,1
5.0000599999999995,1
90.00012,1
294.0002,1
103.00001999999999,1
475.00120999999996,1
373.00018,1
392.00007,1
110.00003000000001,1
352.00017,1
544.0002900000001,1
183.00021999999998,1
386.0002,1
359.00032000000004,1
303.00026,1
303.00023,1
168.00011,1
357.00088999999997,1
238.00082999999998,1
443.00001,1
552.0001900000001,1
35.00013,1
231.00022,1
297.00001000000003,1
170.00036,1
342.0001,1
1.00001,1
399.0001,1
415.00007999999997,1
36.00019,1
187.00014,1
238.00307999999998,1
217.00002999999998,1
375.0008,1
534.00009,1
3.00047,1
382.00021,1
443.00002,1
312.00009,1
404.00016,1
235.0001,1
3.00007,1
585.00007,1
307.00002,1
262.0007,1
572.0002400000001,1
369.00002,1
248.00012999999998,1
485.00014000000004,1
208.00037,1
505.00042,1
356.00001000000003,1
31.00025,1
506.00003,1
584.00009,1
170.0005,1
56.00059,1
84.00024,1
438.00023,1
52.00015,1
235.00002999999998,1
100.00012,1
245.00025,1
84.00003000000001,1
21.00008,1
564.00005,1
441.00022,1
393.00006,1
401.00004,1
238.00064,1
588.0002,1
124.00013,1
24.00014,1
97.00012,1
487.00015999999994,1
355.00007,1
289.00012000000004,1
163.00003,1
392.00004,1
448.00023,1
48.00015,1
558.00014,1
303.00025,1
548.00028,1
564.00011,1
124.00008000000001,1
467.00027,1
428.00015,1
303.00052999999997,1
237.00011,1
432.00025999999997,1
495.00014000000004,1
489.00028,1
285.00003,1
156.00003999999998,1
145.00001,1
370.00007,1
190.00001,1
184.00011999999998,1
357.00122000000005,1
505.00055999999995,1
485.00007999999997,1
114.0002,1
123.00013,1
292.00003,1
44.00012,1
516.00005,1
469.00005,1
206.00006000000002,1
209.0002,1
589.0002599999999,1
544.00005,1
87.0001,1
542.00007,1
106.00008999999999,1
256.00016,1
544.00025,1
454.00017,1
514.0001900000001,1
457.00007999999997,1
210.00007999999997,1
345.00068,1
18.00004,1
356.00004,1
426.00007,1
377.00001000000003,1
186.00003999999998,1
375.00054,1
262.00076,1
56.00035,1
303.00009,1
12.00013,1
317.00025,1
52.0001,1
125.00008000000001,1
508.00017,1
231.00041000000002,1
316.00088,1
221.00033,1
499.00010999999995,1
375.00043999999997,1
497.00099000000006,1
425.00001,1
55.00005,1
158.00008,1
489.00003,1
265.00006,1
510.00063,1
293.00012000000004,1
426.00002,1
299.00005,1
177.00016000000002,1
428.00012000000004,1
425.00027,1
156.00002,1
570.00003,1
20.00001,1
187.00016000000002,1
551.00004,1
34.00011,1
183.00002,1
567.00008,1
39.000009999999996,1
497.00050999999996,1
68.00031,1
18.0001,1
505.00045,1
482.00003,1
588.00006,1
139.00013,1
303.00002,1
571.00012,1
534.00023,1
589.00009,1
207.00028,1
56.00049,1
587.0003,1
396.00006,1
94.00014,1
104.00012,1
186.00013,1
20.000120000000003,1
277.00011,1
551.00006,1
22.00005,1
580.0000200000001,1
402.00012999999996,1
452.00018,1
186.00032,1
262.00032000000004,1
396.00001000000003,1
147.00015,1
357.00224,1
367.00028,1
238.00112000000001,1
45.00016,1
46.000170000000004,1
124.00003000000001,1
54.000119999999995,1
74.00001,1
123.00006,1
425.00012000000004,1
248.00027000000003,1
203.00005,1
575.00005,1
5.00013,1
307.00001000000003,1
434.00012999999996,1
320.00007999999997,1
345.00037000000003,1
555.0001,1
349.00016,1
171.00031,1
238.00003999999998,1
53.00016,1
127.00017,1
228.00002,1
94.00007,1
130.00011,1
485.00111,1
562.00004,1
298.00009,1
113.00007,1
255.00006000000002,1
327.00003,1
432.00032999999996,1
590.00012,1
177.00003999999998,1
243.0002,1
207.0002,1
337.00014,1
132.00075,1
282.00007999999997,1
353.00009,1
326.00019,1
95.00063,1
292.00014,1
427.00028,1
307.00009,1
267.00007999999997,1
237.00027000000003,1
208.00073999999998,1
144.00007,1
277.00016,1
434.00022,1
204.00019,1
117.00015,1
291.00012000000004,1
150.0001,1
316.00064,1
256.00012999999996,1
192.00008,1
335.00002,1
399.00016,1
223.00028999999998,1
183.00007,1
589.00003,1
132.0007,1
261.00047,1
488.00009000000006,1
127.00007,1
395.00001000000003,1
497.00091,1
123.00008000000001,1
469.00007,1
87.00005,1
497.00117,1
500.00012000000004,1
104.00008000000001,1
445.00002,1
243.00022,1
132.00068000000002,1
174.00009,1
316.00012999999996,1
132.00036,1
224.00012,1
10.00003,1
572.0001599999999,1
505.00005999999996,1
329.00032000000004,1
242.00001,1
144.00003,1
369.00003,1
277.00018,1
428.00005,1
295.00068999999996,1
402.00018,1
238.00201,1
41.000040000000006,1
547.00005,1
510.00042,1
551.0001599999999,1
544.00007,1
427.00005,1
263.00017,1
404.00057000000004,1
300.00018,1
163.00002,1
262.00132,1
95.00086999999999,1
320.00017,1
375.00029,1
497.00035999999994,1
294.00005,1
289.00004,1
489.00041,1
249.00003999999998,1
310.00026,1
426.00010999999995,1
100.00017,1
475.00082000000003,1
375.0006,1
114.00001999999999,1
12.00031,1
222.0002,1
516.0001,1
244.00006000000002,1
436.00022,1
534.0003,1
485.0015,1
482.00012000000004,1
473.00007,1
238.0005,1
563.00005,1
485.00192999999996,1
469.00017,1
589.00014,1
546.00003,1
380.00009,1
490.00001,1
134.00001,1
438.00005999999996,1
485.00147999999996,1
419.00014,1
565.0001,1
245.00005,1
121.00001,1
326.00023999999996,1
408.00004,1
278.00023,1
391.00007,1
497.00107,1
249.00002,1
2.00006,1
122.00001999999999,1
137.00008,1
64.00021,1
491.00007,1
229.00002,1
31.000159999999997,1
534.00042,1
357.00036,1
544.0001599999999,1
273.00006,1
315.0002,1
485.00104000000005,1
275.00012999999996,1
180.00008,1
291.00012999999996,1
70.00001,1
357.00152,1
95.00121,1
170.00063,1
532.00022,1
245.00007999999997,1
367.00054,1
374.00014,1
520.00005,1
506.00004,1
316.00022,1
388.00028,1
108.00018999999999,1
561.00018,1
263.00015,1
325.00012999999996,1
186.00024,1
343.00012999999996,1
427.0003,1
350.00007,1
204.00007,1
67.0002,1
136.00028999999998,1
121.00008000000001,1
376.00007,1
549.00005,1
561.00005,1
174.00001,1
312.00018,1
357.00201,1
56.00099,1
38.000440000000005,1
442.00017,1
149.00009,1
53.000080000000004,1
113.00006,1
485.00183,1
497.00047,1
208.00015,1
208.00042,1
71.00043000000001,1
250.00005,1
238.00286,1
420.00022,1
75.00003000000001,1
201.00013,1
562.0001599999999,1
295.00006,1
552.00012,1
342.00004,1
96.00013,1
353.00011,1
568.00003,1
410.00022,1
565.0002099999999,1
238.00113,1
277.00032999999996,1
359.00007999999997,1
265.00019,1
172.00007,1
105.00041,1
261.00032000000004,1
135.00001,1
295.00034,1
497.00111,1
489.00004,1
238.0013,1
13.000010000000001,1
238.00036,1
36.00022,1
256.00066,1
497.00022,1
148.00002,1
37.0001,1
75.00021,1
174.00011,1
497.00115999999997,1
337.00011,1
495.00027,1
357.00147999999996,1
447.00005999999996,1
4.00005,1
249.00009,1
285.00012999999996,1
528.00007,1
170.00024,1
508.00003,1
252.00007000000002,1
67.00015,1
171.00006000000002,1
496.00018,1
540.00001,1
347.00004,1
189.00003,1
16.00003,1
382.00001000000003,1
170.00026,1
345.00027,1
484.00018,1
446.00001,1
590.00063,1
345.00029,1
216.00002,1
320.00014,1
521.00014,1
569.00006,1
357.00295,1
472.0002,1
259.00007,1
359.00022,1
382.00007999999997,1
95.00068,1
398.00007999999997,1
261.00031,1
144.00005,1
312.00017,1
45.000009999999996,1
256.0004,1
197.00003,1
13.000110000000001,1
102.00001,1
549.00001,1
238.00265,1
315.00015,1
319.00012999999996,1
442.0002,1
388.00026,1
238.00295,1
255.00007999999997,1
425.00025999999997,1
435.00012999999996,1
343.00004,1
412.00003,1
447.00007,1
329.00003,1
499.00023,1
231.00062000000003,1
462.00004,1
208.00024,1
172.00001,1
112.00005,1
357.00016,1
143.00023000000002,1
398.00002,1
46.00011,1
62.00001999999999,1
327.00009,1
555.00007,1
464.00002,1
482.00014000000004,1
218.00006000000002,1
418.00003,1
278.00005,1
99.00004,1
140.00024,1
85.00008000000001,1
386.00002,1
462.00015,1
157.00014,1
170.00064,1
221.00007999999997,1
138.00011999999998,1
90.00008000000001,1
66.00001,1
351.00003,1
394.00009,1
57.00006,1
99.00008000000001,1
248.00028999999998,1
555.00046,1
587.00008,1
192.00001,1
429.0001,1
552.00022,1
590.00031,1
248.00032000000002,1
303.00031,1
330.00014,1
394.00005,1
357.00012000000004,1
222.00024,1
588.0001,1
555.00041,1
355.00004,1
357.00088,1
12.00019,1
256.00023,1
558.00013,1
55.00025,1
223.00003999999998,1
240.00002,1
483.00035,1
449.00005,1
499.00012000000004,1
497.0012,1
262.00137,1
17.00007,1
494.00014000000004,1
562.00014,1
220.00024,1
485.00179,1
329.00014,1
532.00014,1
4.000380000000001,1
486.00002,1
499.00019000000003,1
441.00015999999994,1
357.00092,1
276.00012999999996,1
301.00006,1
463.00012000000004,1
376.00003,1
345.00052,1
529.0000200000001,1
193.00011,1
262.00125,1
290.0001,1
252.00022,1
64.00019,1
104.00007,1
40.00007,1
371.00005,1
15.000020000000001,1
451.00032999999996,1
336.00018,1
314.00004,1
264.00025,1
472.00022,1
485.00052,1
523.00015,1
475.00059000000005,1
68.00032,1
438.00010999999995,1
4.00016,1
75.00001999999999,1
320.0002,1
485.00010999999995,1
565.0002,1
489.0004,1
238.00066,1
295.00059,1
418.00002,1
56.00031,1
404.00007999999997,1
407.00003,1
329.00041,1
132.00097,1
160.00013,1
556.00022,1
546.00008,1
238.00248,1
381.00001000000003,1
7.00006,1
262.00126,1
229.00016000000002,1
72.00015,1
161.00011999999998,1
249.00017999999997,1
207.0001,1
88.00001,1
108.00013,1
212.00009,1
379.00009,1
475.00005999999996,1
425.00012999999996,1
420.00025,1
489.00035999999994,1
345.00041,1
117.00012,1
425.00039000000004,1
510.00019000000003,1
573.00022,1
454.00014000000004,1
442.00021,1
489.0002,1
262.00052999999997,1
573.00025,1
357.00182,1
262.00023999999996,1
262.00042,1
272.00005,1
163.00003999999998,1
508.0001,1
12.00014,1
349.00019,1
588.0002099999999,1
55.00018000000001,1
100.00026,1
304.00026,1
287.00029,1
190.00008,1
442.00035999999994,1
238.00187999999997,1
490.00012999999996,1
224.00017000000003,1
63.000009999999996,1
279.00007999999997,1
347.00009,1
335.00003,1
261.0002,1
289.00003,1
544.00038,1
325.00012000000004,1
60.00003,1
451.0001,1
477.00014000000004,1
152.00027,1
94.00005999999999,1
534.00032,1
209.00045,1
484.00017,1
132.0009,1
238.00092,1
438.00003,1
500.00003,1
499.00017,1
249.00012,1
414.00009,1
196.00015,1
510.00005,1
107.00006,1
55.00014,1
485.00159,1
303.00048,1
262.00038,1
192.0002,1
125.00011,1
87.00013,1
357.00253,1
4.00021,1
95.00025,1
312.00004,1
494.00012999999996,1
112.00016000000001,1
277.00023,1
533.00009,1
11.00007,1
137.0002,1
170.00007,1
329.00015,1
455.00003,1
404.00028,1
138.00003,1
386.00023999999996,1
345.00064,1
538.00004,1
571.00014,1
357.00051,1
52.00006,1
357.00174,1
357.00087,1
349.00007999999997,1
527.00025,1
128.00003999999998,1
256.00003,1
375.00068999999996,1
378.00007999999997,1
73.00001999999999,1
169.00001,1
359.00021,1
294.00002,1
451.0003,1
104.00005,1
59.00006,1
223.00023,1
403.00003,1
554.00005,1
73.00003000000001,1
178.00002,1
144.00031,1
509.00009000000006,1
212.00015,1
399.00036,1
64.00035,1
345.00065,1
368.00006,1
299.00004,1
71.00033,1
424.00002,1
442.00015,1
505.00030999999996,1
375.00049,1
262.00106,1
91.00007,1
190.00033,1
526.0001599999999,1
483.00023,1
470.00010999999995,1
427.0001,1
238.00171,1
555.0004,1
321.00007,1
183.00019,1
4.00024,1
327.00015,1
173.00002,1
155.00002,1
136.00021,1
13.000160000000001,1
345.0007,1
262.00102000000004,1
370.0005,1
510.00022,1
75.00022,1
485.00178,1
136.00001,1
394.00017,1
7.00002,1
220.00014,1
176.00007,1
345.00062,1
521.00018,1
353.0002,1
534.00028,1
230.00011,1
208.00034,1
302.00007,1
473.00007999999997,1
419.00004,1
265.00011,1
483.00035999999994,1
108.00005,1
357.00244,1
3.00018,1
271.00019,1
357.00109,1
279.00014,1
553.00003,1
468.00015999999994,1
56.00075,1
551.00008,1
485.00088,1
426.00015,1
31.000359999999997,1
512.00014,1
27.00003,1
327.00014,1
336.00012000000004,1
304.00027,1
18.00016,1
8.00004,1
367.00029,1
550.00015,1
527.00009,1
334.00001000000003,1
87.00012,1
199.00002,1
25.00016,1
463.00007,1
265.00026,1
272.00003,1
17.00005,1
548.00042,1
238.00015,1
238.0011,1
244.00033,1
35.000009999999996,1
550.00003,1
442.00010999999995,1
375.00001000000003,1
438.00028,1
65.00029,1
316.00051,1
452.00015999999994,1
473.00012000000004,1
452.00032999999996,1
124.00007,1
468.00012999999996,1
365.00005,1
101.00001,1
472.00012999999996,1
27.000009999999996,1
564.00032,1
231.00045,1
572.00025,1
423.00001,1
278.0001,1
452.00007,1
209.00035,1
350.00003,1
259.00014,1
527.00004,1
489.00012000000004,1
454.00004,1
328.00011,1
414.00001000000003,1
485.00065,1
113.00003999999998,1
345.0005,1
316.00032999999996,1
534.00038,1
433.00037000000003,1
252.00019,1
3.00044,1
292.00007999999997,1
99.00007,1
420.00057999999996,1
169.00002,1
521.0002,1
287.0001,1
34.00006,1
259.00011,1
489.00055,1
533.00018,1
23.00001,1
303.00051,1
238.00309,1
307.00006,1
375.00028,1
467.00057999999996,1
277.00031,1
262.00041,1
425.00024,1
38.00026,1
43.000040000000006,1
404.00023999999996,1
112.00012,1
296.00004,1
416.00016,1
119.00016000000001,1
487.00003,1
522.00009,1
559.00017,1
234.00003999999998,1
200.00011,1
565.00015,1
238.00272999999999,1
429.00007999999997,1
170.00062,1
523.00009,1
127.00008999999999,1
331.00003,1
353.00032000000004,1
326.00015,1
545.0002,1
238.00239,1
187.00023000000002,1
267.00014,1
241.00001,1
181.00017,1
245.0001,1
585.00003,1
495.00010999999995,1
171.00011999999998,1
488.00014000000004,1
572.00037,1
359.00004,1
157.00075,1
88.00005999999999,1
522.00008,1
56.00017,1
477.00010999999995,1
362.00002,1
376.00016,1
315.00023999999996,1
402.00028,1
187.0001,1
208.00032,1
316.00081,1
241.00003999999998,1
238.00217,1
183.00003999999998,1
231.00006000000002,1
221.00001,1
565.00009,1
470.00007999999997,1
262.00057000000004,1
132.00083,1
485.00073,1
242.00007999999997,1
357.00018,1
65.00004,1
331.00012999999996,1
203.0001,1
546.00012,1
495.00003,1
184.00006000000002,1
316.00057999999996,1
202.00013,1
276.00023,1
201.00005,1
357.00239,1
370.00036,1
216.00011,1
496.00007999999997,1
461.00009000000006,1
68.00026,1
345.00032000000004,1
467.00055,1
497.00109000000003,1
375.00071,1
136.0002,1
25.00007,1
357.00031,1
332.00026,1
55.00003,1
234.00015,1
209.0004,1
152.00018,1
69.0001,1
271.00005,1
275.00003,1
527.00015,1
223.00042000000002,1
542.00004,1
438.00018,1
329.00009,1
583.00004,1
479.00012999999996,1
12.00075,1
159.00003999999998,1
56.00055,1
194.00007,1
55.00026999999999,1
477.00047,1
89.0002,1
245.00001,1
344.00011,1
111.0002,1
45.00019,1
357.0015,1
503.00002,1
4.00019,1
305.00022,1
262.0006,1
485.00136,1
576.00009,1
134.00017,1
111.00018,1
190.00037,1
532.00001,1
394.0002,1
135.00002,1
262.00074,1
95.00010999999999,1
238.00079,1
40.00011,1
237.00017999999997,1
115.00003999999998,1
442.00024,1
329.00012000000004,1
284.0002,1
42.00005,1
527.00027,1
357.00155,1
71.00012,1
152.00007,1
587.00033,1
238.00137,1
120.00018999999999,1
466.00005,1
144.00023000000002,1
244.00017000000003,1
572.0004700000001,1
34.00015,1
55.000240000000005,1
244.00027000000003,1
56.00088,1
311.0001,1
185.00013,1
523.0001900000001,1
350.00009,1
353.00025,1
406.00005,1
244.00002,1
75.00027,1
20.00008,1
534.00011,1
33.00022,1
98.00007,1
140.00005,1
91.00005999999999,1
387.0003,1
502.00010999999995,1
139.00005,1
490.00025,1
16.00004,1
510.00015999999994,1
357.00075,1
11.00008,1
438.00001,1
357.00154,1
231.00017999999997,1
303.00029,1
518.00005,1
466.00007,1
394.00034,1
46.00038,1
587.00012,1
432.00046,1
483.00002,1
345.00017,1
31.00023,1
295.0005,1
574.00004,1
556.00001,1
238.00034,1
523.00014,1
585.00001,1
550.00013,1
483.00018,1
564.0004700000001,1
261.00023,1
209.00006000000002,1
260.00004,1
303.00003,1
217.00006000000002,1
382.00005,1
140.00002,1
555.00059,1
161.0001,1
353.00019,1
477.00034000000005,1
488.00004,1
476.00007,1
48.00002,1
310.00023,1
95.00007,1
524.00006,1
470.00003,1
485.00074000000006,1
485.0001,1
399.00038,1
467.00048,1
483.00021,1
95.00117,1
311.00002,1
534.0002599999999,1
357.00194,1
150.00011999999998,1
223.00016000000002,1
135.00011999999998,1
282.00009,1
429.0002,1
64.00036,1
117.00008000000001,1
243.00001,1
35.00016,1
475.00112,1
46.00002,1
571.00022,1
4.000030000000001,1
36.000170000000004,1
56.00038000000001,1
491.00009000000006,1
317.00019,1
170.0001,1
204.00003,1
303.00067,1
256.0003,1
98.00026,1
508.00009000000006,1
241.0001,1
350.00007999999997,1
95.00062,1
202.00021999999998,1
83.00027,1
417.00001000000003,1
276.00014,1
485.00095999999996,1
467.0006,1
8.00007,1
252.00021,1
183.00021,1
170.00027,1
346.00005,1
452.00007999999997,1
161.00003,1
343.00003,1
389.00018,1
41.00007,1
505.00044,1
243.00002,1
4.00036,1
15.000210000000001,1
137.00006000000002,1
368.0001,1
71.00010999999999,1
410.0002,1
140.00007,1
238.00263999999999,1
347.00005,1
71.00021,1
352.00006,1
484.00019000000003,1
402.00031,1
157.00077,1
521.00013,1
137.00002,1
430.00004,1
65.00041,1
395.00007,1
381.00007999999997,1
95.0008,1
223.0003,1
399.00028,1
214.00002999999998,1
175.00001,1
555.0001900000001,1
371.00012000000004,1
441.00017,1
192.00005,1
475.00032999999996,1
207.00023000000002,1
86.00003000000001,1
317.00026,1
132.00011999999998,1
259.00017,1
373.00009,1
208.00019,1
170.00023000000002,1
167.00013,1
303.00064,1
210.00006000000002,1
146.00018,1
346.00001000000003,1
425.00018,1
333.00003,1
514.00014,1
497.00068,1
429.00001,1
30.000009999999996,1
224.00009,1
234.00012999999998,1
155.00005,1
452.00037000000003,1
332.00001000000003,1
530.00004,1
207.00035,1
485.00063,1
71.00023,1
101.00005,1
401.00007999999997,1
483.00029000000006,1
303.00037000000003,1
316.00014,1
485.00177,1
4.0004599999999995,1
55.00006,1
306.00004,1
95.00065,1
223.00019,1
280.00006,1
386.00018,1
229.00007000000002,1
415.00007,1
179.00011,1
448.00010999999995,1
427.00010999999995,1
579.00006,1
52.00013,1
28.000040000000002,1
119.00013,1
329.00039,1
387.00015,1
203.00013,1
491.00004,1
367.00022,1
87.00005999999999,1
334.00005,1
202.00005,1
542.00003,1
548.00041,1
164.00002,1
387.00037000000003,1
572.0004299999999,1
136.00023000000002,1
218.00002999999998,1
64.00038,1
367.00017,1
66.00003000000001,1
413.00012000000004,1
179.00005,1
301.00025,1
278.00026,1
276.00035,1
475.00034000000005,1
500.00015,1
381.00007,1
88.00008000000001,1
112.00003000000001,1
316.00097,1
467.00012000000004,1
441.00021,1
363.00004,1
67.00019,1
56.000009999999996,1
573.00012,1
152.00011,1
497.00095,1
231.00015,1
517.00009,1
445.00005999999996,1
564.0004799999999,1
151.00009,1
492.00004,1
301.00012000000004,1
178.00001,1
238.00198999999998,1
231.0006,1
502.00012999999996,1
107.00013,1
571.00034,1
303.00028,1
61.00003,1
140.00014,1
167.00023000000002,1
91.00010999999999,1
482.00021,1
420.00032000000004,1
41.00015,1
38.00031,1
524.00003,1
581.00013,1
46.00023,1
495.00021,1
494.00002,1
6.000030000000001,1
303.00032000000004,1
132.00115,1
202.00025,1
261.00041,1
549.0001,1
410.0001,1
464.00005999999996,1
346.00002,1
96.00005999999999,1
198.00008,1
357.0003,1
556.00005,1
474.00001,1
261.00027,1
497.00052999999997,1
208.00025,1
159.00011999999998,1
451.00001,1
357.0018,1
248.00031,1
238.00081,1
366.00021,1
342.00009,1
259.00015,1
146.00008,1
43.00005,1
357.00222,1
375.00039,1
112.00017,1
293.0001,1
277.00003,1
193.00001,1
223.00001,1
86.00018,1
45.00012,1
485.001,1
262.00133999999997,1
371.0001,1
329.00061,1
12.00052,1
69.00005999999999,1
295.00011,1
331.00022,1
357.00035,1
451.00012999999996,1
128.00011999999998,1
199.00008,1
67.00014,1
256.00048,1
223.00035,1
566.00001,1
393.00012000000004,1
157.00068000000002,1
221.00021,1
284.00012000000004,1
413.00012999999996,1
480.00001,1
347.00003,1
167.00007,1
425.00044,1
433.00045,1
442.00032999999996,1
238.00089,1
458.00004,1
19.00003,1
184.00017,1
220.00006000000002,1
332.00005,1
496.00004,1
575.00022,1
183.00023000000002,1
376.0001,1
238.0014,1
264.00019,1
570.00004,1
65.0004,1
507.00022,1
145.00008,1
223.00025,1
429.00012999999996,1
93.00005,1
209.00011,1
456.00015,1
102.00015,1
105.00018,1
75.00016,1
497.00012999999996,1
28.000009999999996,1
373.00016,1
357.0029,1
368.00012999999996,1
293.00006,1
4.00025,1
121.00011,1
434.00009000000006,1
302.0002,1
548.00011,1
462.00018,1
497.00039000000004,1
373.00005,1
505.00023,1
24.00004,1
120.0002,1
438.00002,1
44.00023,1
21.00013,1
303.00046000000003,1
6.00004,1
312.00001000000003,1
98.00018,1
551.00013,1
343.0001,1
344.00012000000004,1
427.00015,1
295.00043999999997,1
496.00010999999995,1
448.00024,1
303.00004,1
116.00013,1
476.00018,1
477.00023,1
15.00026,1
98.00012,1
97.00013,1
436.00005,1
303.00011,1
181.00006000000002,1
46.0002,1
340.00007,1
210.00002999999998,1
233.0001,1
589.00008,1
558.00011,1
489.00024,1
416.00017,1
174.0001,1
317.00021,1
387.00049,1
243.00027999999998,1
403.00007999999997,1
432.00029000000006,1
366.00025,1
477.00042,1
111.00005,1
468.00022,1
482.00002,1
533.00013,1
3.00033,1
483.00005999999996,1
475.00043,1
357.00297,1
208.00053,1
485.00052999999997,1
248.00012,1
404.00001000000003,1
67.0001,1
255.00002,1
372.00012999999996,1
209.00011999999998,1
127.00015,1
316.00068999999996,1
322.00005,1
555.00049,1
229.00037000000003,1
497.00015,1
305.0001,1
205.00001,1
494.00005,1
473.00018,1
209.00043,1
107.00008000000001,1
485.00019000000003,1
303.00038,1
246.00012,1
12.000589999999999,1
571.00007,1
71.00007,1
357.00068999999996,1
280.00011,1
467.00018,1
548.00025,1
477.00052,1
352.0001,1
375.00038,1
316.00038,1
375.00075,1
550.00022,1
384.00004,1
12.00045,1
97.00008000000001,1
8.000160000000001,1
266.00011,1
132.00023000000002,1
581.00012,1
442.00012000000004,1
95.001,1
548.00039,1
208.00068000000002,1
495.00034000000005,1
253.00014,1
491.00005,1
507.00010999999995,1
455.00004,1
532.00008,1
357.0013,1
376.00002,1
540.00004,1
71.00005999999999,1
91.00001,1
100.00027,1
218.00003999999998,1
357.00011,1
65.00014,1
174.00002,1
447.00004,1
229.00012999999998,1
485.00055,1
585.0002099999999,1
244.00012,1
220.00012,1
422.00001,1
165.00007,1
250.00009,1
47.000040000000006,1
231.00042000000002,1
435.00023,1
301.0002,1
530.00001,1
111.00008000000001,1
590.00023,1
231.00072000000003,1
270.00005,1
323.00002,1
380.00005,1
140.00021,1
260.00015,1
31.000040000000002,1
37.000040000000006,1
367.00037000000003,1
270.0001,1
31.000059999999998,1
301.00026,1
70.00005,1
390.00006,1
352.00043,1
305.00019,1
138.0003,1
89.00013,1
367.00065,1
243.00012999999998,1
18.00005,1
208.0001,1
3.00031,1
400.0001,1
432.0005,1
516.00006,1
95.00057,1
111.00015,1
370.00041,1
295.00012999999996,1
523.00011,1
186.00001,1
452.00030999999996,1
202.00028,1
300.00027,1
590.00045,1
249.00002999999998,1
303.00088,1
539.00013,1
38.00036,1
500.00001,1
4.0003400000000005,1
8.00005,1
119.00022,1
137.00013,1
259.00003,1
179.00008,1
173.00001,1
318.0001,1
157.00003999999998,1
195.00003999999998,1
303.00068999999996,1
183.00018,1
489.00055999999995,1
581.00032,1
124.00008999999999,1
229.00014,1
485.00045,1
485.0012,1
521.0001900000001,1
501.0002,1
485.00119000000007,1
504.0001,1
262.0004,1
47.000029999999995,1
582.0001900000001,1
273.00014,1
496.00015999999994,1
160.00021999999998,1
20.00005,1
235.00009,1
258.00006,1
357.00275,1
528.00001,1
511.00012999999996,1
322.00003,1
4.0000599999999995,1
155.00032,1
578.00003,1
502.00009000000006,1
224.00014,1
478.00017,1
78.00009,1
230.00002999999998,1
267.00025,1
250.00011,1
479.00007,1
38.00011,1
330.00015,1
73.00010999999999,1
231.0005,1
546.00014,1
231.00043,1
206.00008,1
367.00035,1
287.00007,1
292.00032999999996,1
234.00027000000003,1
170.00041000000002,1
404.00009,1
588.00012,1
238.00222999999997,1
170.00017,1
367.00048,1
50.000040000000006,1
208.00054,1
25.00015,1
571.00028,1
555.00042,1
256.00065,1
469.00021,1
68.0001,1
288.00005,1
238.00275,1
104.00004,1
357.00061,1
271.00003,1
426.0002,1
231.00055,1
357.00059,1
386.00026,1
56.0006,1
201.00001,1
90.00023,1
140.00018,1
496.00024,1
532.0002,1
587.00005,1
312.0001,1
585.00017,1
221.00017000000003,1
171.00005,1
157.00008,1
216.00017000000003,1
256.00052,1
430.00005,1
238.00212000000002,1
475.00118,1
45.000040000000006,1
324.00005,1
377.00005,1
295.00054,1
359.00025,1
95.00067,1
14.000010000000001,1
557.00008,1
475.00119000000007,1
453.00025999999997,1
262.00035,1
440.00007999999997,1
481.00002,1
64.00032,1
262.00113999999996,1
467.00007,1
46.00013,1
375.00023,1
148.00015,1
285.0001,1
284.00022,1
83.00015,1
64.00001999999999,1
505.00052999999997,1
329.00043,1
388.0002,1
485.00137,1
432.0004,1
234.00019,1
8.00003,1
485.00035999999994,1
469.0001,1
162.0001,1
448.00021,1
229.00017000000003,1
475.00075,1
462.00001,1
533.0002099999999,1
564.00027,1
71.00027,1
485.00167999999996,1
485.00127000000003,1
142.00001,1
303.0004,1
310.00029,1
563.00008,1
303.00084,1
238.00043,1
367.00042,1
242.00024,1
238.00247000000002,1
301.00012999999996,1
144.00041000000002,1
86.00001999999999,1
190.00003999999998,1
196.00007,1
375.00065,1
60.000040000000006,1
590.00025,1
238.00255,1
555.0002900000001,1
505.00021,1
12.00077,1
64.0001,1
132.00031,1
298.00007,1
42.000009999999996,1
148.00013,1
181.00009,1
430.00003,1
562.00015,1
582.00003,1
305.00009,1
170.00008,1
505.00007,1
324.00001000000003,1
388.00015,1
76.00014,1
171.00025,1
399.00035,1
8.00013,1
555.0001599999999,1
220.00015,1
250.0001,1
342.00022,1
462.00003,1
267.00009,1
280.00002,1
434.00024,1
238.00207999999998,1
475.00060999999994,1
209.00041000000002,1
585.0001,1
367.0001,1
238.00287000000003,1
242.00027000000003,1
308.00004,1
435.00010999999995,1
473.00002,1
404.00034,1
283.00007999999997,1
394.00049,1
238.00124,1
202.00031,1
196.00003,1
135.00011,1
488.00002,1
14.00009,1
276.0003,1
255.00009,1
212.00005,1
5.00009,1
561.00003,1
291.00004,1
518.00009,1
333.00007999999997,1
375.00056,1
3.00025,1
273.00003,1
157.00024,1
582.00004,1
271.00012999999996,1
496.00002,1
368.00002,1
542.00005,1
408.00002,1
190.00026,1
61.00009,1
31.000529999999998,1
247.00012999999998,1
294.00009,1
402.00009,1
171.00028,1
329.00005,1
277.00005,1
391.00005,1
95.00001,1
157.00003,1
65.00049,1
146.00002,1
467.00009000000006,1
358.00007999999997,1
271.00021,1
509.00005999999996,1
145.00002,1
105.0001,1
590.00035,1
95.00098,1
36.00002,1
303.00042,1
262.00142,1
372.00009,1
480.00015,1
132.00108999999998,1
474.00002,1
298.00007999999997,1
278.00009,1
385.00003,1
432.00005,1
520.00003,1
477.00032999999996,1
262.001,1
527.00023,1
467.00042,1
95.00074000000001,1
328.00002,1
497.00019000000003,1
363.00026,1
391.00016,1
114.00003999999998,1
157.00042,1
315.00012000000004,1
142.00006000000002,1
363.00027,1
453.00005999999996,1
566.0000200000001,1
488.00005,1
345.00077999999996,1
511.00018,1
206.00005,1
208.00078,1
378.00002,1
78.00005999999999,1
208.00066999999999,1
542.00023,1
375.00035,1
161.00009,1
61.00006,1
186.00011999999998,1
132.00105,1
564.00042,1
243.00019,1
314.00001000000003,1
357.00022,1
185.0001,1
152.00003,1
286.00007999999997,1
147.00013,1
98.00021,1
130.00011999999998,1
548.00036,1
270.00001000000003,1
25.00003,1
11.00002,1
160.00011,1
262.00077999999996,1
394.00023999999996,1
237.00007000000002,1
330.00007,1
247.0001,1
540.00005,1
238.00253999999998,1
530.00003,1
318.00003,1
229.0003,1
264.00032999999996,1
56.00063000000001,1
434.00001,1
123.00017,1
145.00003,1
386.00027,1
581.00007,1
94.0001,1
410.00001000000003,1
90.00013,1
155.00025,1
398.00005,1
139.00003999999998,1
467.00005,1
238.00208999999998,1
580.00006,1
3.00013,1
77.00005,1
353.00007999999997,1
301.00017,1
452.0002,1
581.00009,1
485.00025999999997,1
164.00003,1
524.00011,1
13.00024,1
155.00026,1
449.00010999999995,1
31.000020000000003,1
130.00017,1
369.00009,1
121.00001999999999,1
365.00004,1
555.00014,1
108.00021000000001,1
132.00093,1
100.00001,1
489.00023,1
146.00015,1
502.00015,1
151.00003999999998,1
375.00012000000004,1
221.00035,1
157.00038999999998,1
427.00015999999994,1
208.0009,1
304.00021,1
329.00023,1
553.00015,1
475.00029000000006,1
216.00012,1
133.00002,1
105.00001999999999,1
425.00009000000006,1
425.00005,1
31.00055,1
350.00005,1
555.00008,1
582.00005,1
247.00015,1
346.00014,1
326.00023,1
146.00003,1
544.00034,1
230.00021,1
367.00041,1
46.000029999999995,1
252.00024,1
508.00028,1
509.00005,1
468.00004,1
497.00063,1
76.00001,1
475.00105999999994,1
248.00003999999998,1
451.00037000000003,1
200.00011999999998,1
231.00067,1
402.0002,1
99.00012,1
564.0001,1
413.00004,1
170.00034,1
276.0002,1
85.00005,1
65.00046,1
525.00004,1
581.00011,1
208.00033,1
53.00018000000001,1
303.00074,1
261.00032999999996,1
59.00014,1
1.00013,1
157.00031,1
549.00006,1
262.00019,1
31.000090000000004,1
379.00007999999997,1
276.00022,1
391.00002,1
538.00003,1
237.00016000000002,1
454.00012999999996,1
38.00042,1
157.00051000000002,1
192.00007,1
262.00018,1
56.000280000000004,1
587.00004,1
296.00001000000003,1
475.00039000000004,1
167.00005,1
512.00007,1
33.00009,1
544.00042,1
238.00139,1
198.00006000000002,1
90.00003000000001,1
247.00014,1
382.00002,1
432.00049,1
497.00075999999996,1
508.00014000000004,1
485.00047,1
17.000120000000003,1
435.00024,1
89.00007,1
90.0002,1
350.00012000000004,1
542.0000200000001,1
521.0001,1
155.00019,1
512.00017,1
468.00017,1
312.00012000000004,1
589.00034,1
116.00008999999999,1
335.00007,1
134.0001,1
346.00018,1
582.0001,1
18.00001,1
33.00031,1
357.00158999999996,1
446.00007,1
453.00015,1
497.00034000000005,1
508.00001,1
505.00041,1
293.00004,1
485.00028,1
452.0004,1
89.00001999999999,1
559.00009,1
56.001059999999995,1
573.0002400000001,1
459.00002,1
561.00023,1
301.00027,1
227.0001,1
271.00002,1
337.00012000000004,1
564.00034,1
540.00006,1
344.00004,1
439.00005,1
91.00001999999999,1
221.00027000000003,1
349.00002,1
305.00016,1
301.00015,1
420.00057000000004,1
442.00034000000005,1
117.00018,1
256.00001000000003,1
447.0001,1
58.000080000000004,1
233.00003999999998,1
36.00025,1
238.00085,1
548.0002,1
581.0001599999999,1
41.000029999999995,1
446.00007999999997,1
363.00022,1
100.00008000000001,1
139.00001,1
534.0004299999999,1
376.00012000000004,1
238.00257000000002,1
352.0003,1
310.00005,1
571.0002,1
177.00003,1
501.00001,1
557.00013,1
553.0003,1
425.0003,1
256.00059,1
564.00035,1
31.0005,1
216.00014,1
37.00007,1
302.00001000000003,1
171.00033,1
262.00122999999996,1
231.00052000000002,1
406.00003,1
146.00013,1
207.00037,1
529.00006,1
302.00007999999997,1
454.00015999999994,1
480.00005,1
261.00022,1
485.00145,1
403.00012999999996,1
357.00102000000004,1
540.00011,1
170.00037,1
118.00018,1
1.00009,1
32.00005,1
5.00012,1
386.00003,1
527.00012,1
137.00007,1
357.00034,1
487.00015,1
397.00007999999997,1
582.00011,1
291.00007999999997,1
56.000890000000005,1
366.00017,1
148.00005,1
539.00008,1
256.00004,1
464.00022,1
347.00021,1
532.0001599999999,1
420.00059000000005,1
207.00021,1
467.00015999999994,1
211.00003999999998,1
12.000639999999999,1
208.00056999999998,1
168.0001,1
410.00007,1
417.00003,1
498.00007,1
33.00028,1
12.000210000000001,1
445.00004,1
229.00021,1
526.0002099999999,1
123.00016000000001,1
485.00190999999995,1
132.00018,1
316.0004,1
388.00025,1
381.00002,1
150.00007,1
134.00008,1
177.00005,1
548.0002900000001,1
394.00063,1
357.00081,1
262.00002,1
228.00002999999998,1
335.00007999999997,1
140.00011999999998,1
295.0008,1
475.0011,1
367.00075,1
468.0001,1
485.00189000000006,1
499.00005,1
447.00002,1
383.00007,1
419.00017,1
136.00021999999998,1
35.00015,1
428.00003,1
357.00277,1
490.00032999999996,1
485.00173,1
497.0011,1
548.00023,1
505.00048,1
56.000409999999995,1
155.00013,1
12.00005,1
132.00113000000002,1
369.00005,1
175.00021999999998,1
345.00082000000003,1
357.0014,1
497.00005,1
451.00015,1
550.00014,1
5.00014,1
182.00001,1
116.00001999999999,1
525.00014,1
342.00006,1
35.00002,1
276.00011,1
209.00003999999998,1
287.00025,1
357.00196,1
590.0001900000001,1
98.00009,1
12.00048,1
229.00031,1
480.00009000000006,1
193.00005,1
375.00052999999997,1
317.00015,1
201.00018,1
399.00012999999996,1
475.00111,1
329.00035,1
244.00037999999998,1
357.00083,1
340.00007999999997,1
357.0007,1
56.000919999999994,1
208.00002,1
242.00016000000002,1
563.00009,1
197.00005,1
267.0001,1
394.00048,1
262.0002,1
553.00011,1
262.00007,1
367.00034,1
261.00048,1
489.00005,1
420.00004,1
58.00006,1
303.00041,1
31.00024,1
542.0002599999999,1
118.00007,1
64.00008000000001,1
161.00014,1
95.00017,1
165.00005,1
176.00003999999998,1
330.00018,1
267.00027,1
71.00041,1
476.00019000000003,1
441.00001,1
533.00022,1
217.00012,1
119.00011,1
370.00055,1
404.00039,1
534.00013,1
370.00052999999997,1
95.00039,1
475.00017,1
510.00044,1
357.00288,1
505.00046,1
150.00033,1
434.00025999999997,1
432.00038,1
247.00001,1
127.00006,1
357.00229,1
186.00015,1
495.0002,1
445.00005,1
157.00016000000002,1
256.00027,1
531.00009,1
75.0003,1
261.00021,1
350.0001,1
525.00005,1
360.00005,1
480.00002,1
15.00012,1
105.00013,1
586.00012,1
572.0002599999999,1
160.00018,1
476.00004,1
468.00007999999997,1
502.00018,1
143.00006000000002,1
295.00032999999996,1
352.00035,1
506.00019000000003,1
510.00049,1
352.00005,1
187.00002,1
142.00011999999998,1
464.00021,1
367.00023999999996,1
65.00026,1
137.00005,1
65.00001999999999,1
87.00009,1
238.00118999999998,1
100.00025,1
582.00013,1
276.00005,1
182.00003999999998,1
427.00022,1
3.0001700000000002,1
94.00001,1
583.0000200000001,1
529.00007,1
363.00015,1
256.00049,1
364.00016,1
34.000040000000006,1
431.00004,1
292.00006,1
477.00050999999996,1
209.00042,1
510.00050999999996,1
238.0031,1
501.00007,1
485.00041,1
497.00085,1
63.00003,1
285.00018,1
124.00018,1
346.00004,1
284.00004,1
420.0004,1
357.00292,1
370.00039,1
280.00007,1
89.00005,1
556.00012,1
347.00011,1
510.00057000000004,1
258.00005,1
210.00012999999998,1
87.00004,1
378.00001000000003,1
46.00008,1
135.00014,1
589.00023,1
142.00013,1
190.00009,1
410.00005,1
572.00015,1
120.00011,1
132.00062,1
153.00015,1
258.00007999999997,1
432.00003,1
34.00008,1
57.000040000000006,1
382.0001,1
295.00042,1
118.00011,1
433.00017,1
541.00005,1
434.00012000000004,1
485.0009,1
225.00006000000002,1
91.00009,1
